date,phase,alms,regs,dsp,block_mem_bits,elapsed_sec,notes
2026-03-06,,11871,5633,9,128,126,quartus_synth_check:nas
2026-03-07,,11867,5633,9,128,141,quartus_synth_check:nas
2026-03-07,,11867,5633,9,128,122,quartus_synth_check:nas
2026-03-07,,11867,5633,9,128,126,quartus_synth_check:nas
2026-03-07,,11867,5633,9,128,121,quartus_synth_check:nas
2026-03-07,,11867,5633,9,128,144,quartus_synth_check:nas
2026-03-08,,25970,17380,9,1,122,944,199,quartus_synth_check:nas
2026-03-09,,26164,17380,9,1,122,944,215,quartus_synth_check:nas
2026-03-15,,27236,17515,9,1,122,944,251,quartus_synth_check:nas
2026-03-15,,27619,18393,10,1,256,410,206,quartus_synth_check:nas
2026-03-15,,27236,17515,9,1,122,944,220,quartus_synth_check:nas
